<?xml version="1.0" encoding="UTF-8"?>
<export version="D">
  <design>
    <source>/home/salvari/work/repos/BricoLabs/BATS/kicad/bats.sch</source>
    <date>dom 01 may 2016 00:45:10 CEST</date>
    <tool>Eeschema 0.201604271216+6712~44~ubuntu14.04.1-product</tool>
    <sheet number="1" name="/" tstamps="/">
      <title_block>
        <title>BATS: BricoLabs Arduino Training Shield</title>
        <company>BricoLabs</company>
        <rev>2.0</rev>
        <date>2016-01-05</date>
        <source>bats.sch</source>
        <comment number="1" value=""/>
        <comment number="2" value=""/>
        <comment number="3" value=""/>
        <comment number="4" value=""/>
      </title_block>
    </sheet>
  </design>
  <components>
    <comp ref="LED3">
      <value>Green LED</value>
      <footprint>FT:LED-3MM</footprint>
      <libsource lib="freetronics_schematic" part="LED"/>
      <sheetpath names="/" tstamps="/"/>
      <tstamp>55898085</tstamp>
    </comp>
    <comp ref="R5">
      <value>220</value>
      <footprint>extra:Resistor_Horizontal_SmallHole_RM10mm</footprint>
      <libsource lib="freetronics_schematic" part="R"/>
      <sheetpath names="/" tstamps="/"/>
      <tstamp>55898121</tstamp>
    </comp>
    <comp ref="LED2">
      <value>Yellow LED</value>
      <footprint>FT:LED-3MM</footprint>
      <libsource lib="freetronics_schematic" part="LED"/>
      <sheetpath names="/" tstamps="/"/>
      <tstamp>55898212</tstamp>
    </comp>
    <comp ref="R4">
      <value>220</value>
      <footprint>extra:Resistor_Horizontal_SmallHole_RM10mm</footprint>
      <libsource lib="freetronics_schematic" part="R"/>
      <sheetpath names="/" tstamps="/"/>
      <tstamp>55898218</tstamp>
    </comp>
    <comp ref="LED1">
      <value>Red LED</value>
      <footprint>FT:LED-3MM</footprint>
      <libsource lib="freetronics_schematic" part="LED"/>
      <sheetpath names="/" tstamps="/"/>
      <tstamp>55898313</tstamp>
    </comp>
    <comp ref="R3">
      <value>220</value>
      <footprint>extra:Resistor_Horizontal_SmallHole_RM10mm</footprint>
      <libsource lib="freetronics_schematic" part="R"/>
      <sheetpath names="/" tstamps="/"/>
      <tstamp>55898319</tstamp>
    </comp>
    <comp ref="R1">
      <value>RES_PHOTO_LDR</value>
      <footprint>extra:Resistor_Horizontal_SmallHole_RM10mm</footprint>
      <libsource lib="freetronics_schematic" part="RES_PHOTO_LDR"/>
      <sheetpath names="/" tstamps="/"/>
      <tstamp>558983C9</tstamp>
    </comp>
    <comp ref="R2">
      <value>10K</value>
      <footprint>extra:Resistor_Horizontal_SmallHole_RM10mm</footprint>
      <libsource lib="freetronics_schematic" part="R"/>
      <sheetpath names="/" tstamps="/"/>
      <tstamp>55898454</tstamp>
    </comp>
    <comp ref="U1">
      <value>BUZZER</value>
      <footprint>Buzzers_Beepers:Buzzer_12x9.5RM7.6</footprint>
      <libsource lib="freetronics_schematic" part="BUZZER"/>
      <sheetpath names="/" tstamps="/"/>
      <tstamp>5589860F</tstamp>
    </comp>
    <comp ref="R10">
      <value>10K</value>
      <footprint>extra:Resistor_Horizontal_SmallHole_RM10mm</footprint>
      <libsource lib="freetronics_schematic" part="R"/>
      <sheetpath names="/" tstamps="/"/>
      <tstamp>558AE59A</tstamp>
    </comp>
    <comp ref="SW4">
      <value>LEFT</value>
      <footprint>FT:SW_PUSHBUTTON_PTH</footprint>
      <libsource lib="freetronics_schematic" part="SW_PUSHBUTTON"/>
      <sheetpath names="/" tstamps="/"/>
      <tstamp>558AEB11</tstamp>
    </comp>
    <comp ref="R11">
      <value>10K</value>
      <footprint>extra:Resistor_Horizontal_SmallHole_RM10mm</footprint>
      <libsource lib="freetronics_schematic" part="R"/>
      <sheetpath names="/" tstamps="/"/>
      <tstamp>558AEB17</tstamp>
    </comp>
    <comp ref="SW5">
      <value>DOWN</value>
      <footprint>FT:SW_PUSHBUTTON_PTH</footprint>
      <libsource lib="freetronics_schematic" part="SW_PUSHBUTTON"/>
      <sheetpath names="/" tstamps="/"/>
      <tstamp>558AEBB0</tstamp>
    </comp>
    <comp ref="R12">
      <value>10K</value>
      <footprint>extra:Resistor_Horizontal_SmallHole_RM10mm</footprint>
      <libsource lib="freetronics_schematic" part="R"/>
      <sheetpath names="/" tstamps="/"/>
      <tstamp>558AEBB6</tstamp>
    </comp>
    <comp ref="SW6">
      <value>RIGHT</value>
      <footprint>FT:SW_PUSHBUTTON_PTH</footprint>
      <libsource lib="freetronics_schematic" part="SW_PUSHBUTTON"/>
      <sheetpath names="/" tstamps="/"/>
      <tstamp>558AEBBD</tstamp>
    </comp>
    <comp ref="R13">
      <value>10K</value>
      <footprint>extra:Resistor_Horizontal_SmallHole_RM10mm</footprint>
      <libsource lib="freetronics_schematic" part="R"/>
      <sheetpath names="/" tstamps="/"/>
      <tstamp>558AEBC3</tstamp>
    </comp>
    <comp ref="LED4">
      <value>LED_RGB_COM_K</value>
      <footprint>FT:LED-RGB-8MM-COM-K-MINIMAL</footprint>
      <libsource lib="freetronics_schematic" part="LED_RGB_COM_K"/>
      <sheetpath names="/" tstamps="/"/>
      <tstamp>558B07DB</tstamp>
    </comp>
    <comp ref="R6">
      <value>220</value>
      <footprint>extra:Resistor_Horizontal_SmallHole_RM10mm</footprint>
      <libsource lib="freetronics_schematic" part="R"/>
      <sheetpath names="/" tstamps="/"/>
      <tstamp>558B13E2</tstamp>
    </comp>
    <comp ref="R7">
      <value>220</value>
      <footprint>extra:Resistor_Horizontal_SmallHole_RM10mm</footprint>
      <libsource lib="freetronics_schematic" part="R"/>
      <sheetpath names="/" tstamps="/"/>
      <tstamp>558B144D</tstamp>
    </comp>
    <comp ref="R8">
      <value>220</value>
      <footprint>extra:Resistor_Horizontal_SmallHole_RM10mm</footprint>
      <libsource lib="freetronics_schematic" part="R"/>
      <sheetpath names="/" tstamps="/"/>
      <tstamp>558B14E5</tstamp>
    </comp>
    <comp ref="P1">
      <value>SERVO</value>
      <footprint>FT:1X03</footprint>
      <libsource lib="conn" part="CONN_01X03"/>
      <sheetpath names="/" tstamps="/"/>
      <tstamp>558B2883</tstamp>
    </comp>
    <comp ref="SW1">
      <value>RESET</value>
      <footprint>FT:SW_PUSHBUTTON_PTH</footprint>
      <libsource lib="freetronics_schematic" part="SW_PUSHBUTTON"/>
      <sheetpath names="/" tstamps="/"/>
      <tstamp>558B73E7</tstamp>
    </comp>
    <comp ref="VR1">
      <value>POT</value>
      <footprint>FT:POT_RV09_VERT</footprint>
      <libsource lib="freetronics_schematic" part="POT"/>
      <sheetpath names="/" tstamps="/"/>
      <tstamp>55EA1F32</tstamp>
    </comp>
    <comp ref="VR2">
      <value>POT</value>
      <footprint>FT:POT_RV09_VERT</footprint>
      <libsource lib="freetronics_schematic" part="POT"/>
      <sheetpath names="/" tstamps="/"/>
      <tstamp>55EA2018</tstamp>
    </comp>
    <comp ref="SHIELD1">
      <value>ARDUINO_SHIELD</value>
      <footprint>FT:ARDUINO_SHIELD</footprint>
      <libsource lib="freetronics_schematic" part="ARDUINO_SHIELD"/>
      <sheetpath names="/" tstamps="/"/>
      <tstamp>55897B99</tstamp>
    </comp>
    <comp ref="SW2">
      <value>SHOT</value>
      <footprint>FT:SW_PUSHBUTTON_PTH</footprint>
      <libsource lib="freetronics_schematic" part="SW_PUSHBUTTON"/>
      <sheetpath names="/" tstamps="/"/>
      <tstamp>562027CC</tstamp>
    </comp>
    <comp ref="R9">
      <value>10K</value>
      <footprint>extra:Resistor_Horizontal_SmallHole_RM10mm</footprint>
      <libsource lib="freetronics_schematic" part="R"/>
      <sheetpath names="/" tstamps="/"/>
      <tstamp>56202A0F</tstamp>
    </comp>
    <comp ref="SW3">
      <value>UP</value>
      <footprint>FT:SW_PUSHBUTTON_PTH</footprint>
      <libsource lib="freetronics_schematic" part="SW_PUSHBUTTON"/>
      <sheetpath names="/" tstamps="/"/>
      <tstamp>5589867E</tstamp>
    </comp>
  </components>
  <libparts>
    <libpart lib="freetronics_schematic" part="ARDUINO_SHIELD">
      <description>Arduino shield footprint (power outputs). Original by nicholasclewis</description>
      <docs>http://www.thingiverse.com/thing:9630</docs>
      <footprints>
        <fp>ARDUINO_SHIELD</fp>
      </footprints>
      <fields>
        <field name="Reference">SHIELD</field>
        <field name="Value">ARDUINO_SHIELD</field>
        <field name="Footprint">FT:ARDUINO_SHIELD</field>
      </fields>
      <pins>
        <pin num="0" name="0" type="BiDi"/>
        <pin num="1" name="1" type="BiDi"/>
        <pin num="2" name="2" type="BiDi"/>
        <pin num="3" name="3" type="BiDi"/>
        <pin num="4" name="4" type="BiDi"/>
        <pin num="5" name="5" type="BiDi"/>
        <pin num="5V" name="5V" type="power_out"/>
        <pin num="6" name="6" type="BiDi"/>
        <pin num="7" name="7" type="BiDi"/>
        <pin num="8" name="8" type="BiDi"/>
        <pin num="9" name="9" type="BiDi"/>
        <pin num="10" name="10" type="BiDi"/>
        <pin num="11" name="11" type="BiDi"/>
        <pin num="12" name="12" type="BiDi"/>
        <pin num="13" name="13" type="BiDi"/>
        <pin num="3V3" name="3V3" type="power_out"/>
        <pin num="AD0" name="AD0" type="BiDi"/>
        <pin num="AD1" name="AD1" type="BiDi"/>
        <pin num="AD2" name="AD2" type="BiDi"/>
        <pin num="AD3" name="AD3" type="BiDi"/>
        <pin num="AD4" name="AD4" type="BiDi"/>
        <pin num="AD5" name="AD5" type="BiDi"/>
        <pin num="AREF" name="AREF" type="input"/>
        <pin num="GND1" name="GND1" type="power_out"/>
        <pin num="GND2" name="GND2" type="power_out"/>
        <pin num="GND3" name="GND3" type="power_out"/>
        <pin num="IO_R" name="IOREF" type="power_out"/>
        <pin num="NC" name="NC" type="passive"/>
        <pin num="RST" name="RST" type="input"/>
        <pin num="SCL" name="SCL" type="output"/>
        <pin num="SDA" name="SDA" type="BiDi"/>
        <pin num="SP1" name="MISO" type="BiDi"/>
        <pin num="SP2" name="Vcc" type="power_out"/>
        <pin num="SP3" name="SCK" type="BiDi"/>
        <pin num="SP4" name="MOSI" type="BiDi"/>
        <pin num="SP5" name="Reset" type="input"/>
        <pin num="SP6" name="Gnd" type="power_out"/>
        <pin num="V_IN" name="V_IN" type="power_out"/>
      </pins>
    </libpart>
    <libpart lib="freetronics_schematic" part="BUZZER">
      <footprints>
        <fp>BUZZER-*</fp>
      </footprints>
      <fields>
        <field name="Reference">U</field>
        <field name="Value">BUZZER</field>
      </fields>
      <pins>
        <pin num="1" name="POS" type="passive"/>
        <pin num="2" name="GND" type="passive"/>
      </pins>
    </libpart>
    <libpart lib="conn" part="CONN_01X03">
      <description>Connector, single row, 01x03</description>
      <footprints>
        <fp>Pin_Header_Straight_1X03</fp>
        <fp>Pin_Header_Angled_1X03</fp>
        <fp>Socket_Strip_Straight_1X03</fp>
        <fp>Socket_Strip_Angled_1X03</fp>
      </footprints>
      <fields>
        <field name="Reference">P</field>
        <field name="Value">CONN_01X03</field>
      </fields>
      <pins>
        <pin num="1" name="P1" type="passive"/>
        <pin num="2" name="P2" type="passive"/>
        <pin num="3" name="P3" type="passive"/>
      </pins>
    </libpart>
    <libpart lib="freetronics_schematic" part="LED">
      <footprints>
        <fp>LED-*</fp>
      </footprints>
      <fields>
        <field name="Reference">LED</field>
        <field name="Value">LED</field>
      </fields>
      <pins>
        <pin num="A" name="A" type="passive"/>
        <pin num="K" name="K" type="passive"/>
      </pins>
    </libpart>
    <libpart lib="freetronics_schematic" part="LED_RGB_COM_K">
      <footprints>
        <fp>LED-*</fp>
      </footprints>
      <fields>
        <field name="Reference">LED</field>
        <field name="Value">LED_RGB_COM_K</field>
      </fields>
      <pins>
        <pin num="AB" name="AB" type="passive"/>
        <pin num="AG" name="AG" type="passive"/>
        <pin num="AR" name="AR" type="passive"/>
        <pin num="K" name="K" type="passive"/>
      </pins>
    </libpart>
    <libpart lib="freetronics_schematic" part="POT">
      <footprints>
        <fp>POT_*</fp>
      </footprints>
      <fields>
        <field name="Reference">VR</field>
        <field name="Value">POT</field>
      </fields>
      <pins>
        <pin num="1" name="1" type="passive"/>
        <pin num="2" name="2" type="passive"/>
        <pin num="W" name="W" type="passive"/>
      </pins>
    </libpart>
    <libpart lib="freetronics_schematic" part="R">
      <description>Resistor</description>
      <footprints>
        <fp>RES_*</fp>
        <fp>*_RES</fp>
        <fp>0402</fp>
        <fp>0603</fp>
        <fp>0805</fp>
        <fp>1206</fp>
        <fp>1210</fp>
        <fp>1812</fp>
      </footprints>
      <fields>
        <field name="Reference">R</field>
        <field name="Value">R</field>
      </fields>
      <pins>
        <pin num="1" name="1" type="passive"/>
        <pin num="2" name="2" type="passive"/>
      </pins>
    </libpart>
    <libpart lib="freetronics_schematic" part="RES_PHOTO_LDR">
      <footprints>
        <fp>R?</fp>
        <fp>SM0603</fp>
        <fp>SM0805</fp>
        <fp>R?-*</fp>
        <fp>SM1206</fp>
      </footprints>
      <fields>
        <field name="Reference">R</field>
        <field name="Value">RES_PHOTO_LDR</field>
      </fields>
      <pins>
        <pin num="1" name="1" type="passive"/>
        <pin num="2" name="2" type="passive"/>
      </pins>
    </libpart>
    <libpart lib="freetronics_schematic" part="SW_PUSHBUTTON">
      <footprints>
        <fp>SW_*</fp>
      </footprints>
      <fields>
        <field name="Reference">SW</field>
        <field name="Value">SW_PUSHBUTTON</field>
      </fields>
      <pins>
        <pin num="1" name="1" type="passive"/>
        <pin num="2" name="2" type="passive"/>
      </pins>
    </libpart>
  </libparts>
  <libraries>
    <library logical="freetronics_schematic">
      <uri>/home/salvari/work/repos/BricoLabs/BATS/kicad/ftlibrary/freetronics_schematic.lib</uri>
    </library>
    <library logical="conn">
      <uri>/usr/share/kicad/library/conn.lib</uri>
    </library>
  </libraries>
  <nets>
    <net code="1" name="Net-(SHIELD1-PadSP5)">
      <node ref="SHIELD1" pin="SP5"/>
    </net>
    <net code="2" name="/AD5">
      <node ref="SHIELD1" pin="AD5"/>
      <node ref="R13" pin="1"/>
      <node ref="SW6" pin="2"/>
    </net>
    <net code="3" name="Net-(SHIELD1-PadSP4)">
      <node ref="SHIELD1" pin="SP4"/>
    </net>
    <net code="4" name="/AD4">
      <node ref="SW5" pin="2"/>
      <node ref="R12" pin="1"/>
      <node ref="SHIELD1" pin="AD4"/>
    </net>
    <net code="5" name="Net-(SHIELD1-Pad3V3)">
      <node ref="SHIELD1" pin="3V3"/>
    </net>
    <net code="6" name="Net-(SHIELD1-PadSP3)">
      <node ref="SHIELD1" pin="SP3"/>
    </net>
    <net code="7" name="Net-(SHIELD1-PadAD3)">
      <node ref="SHIELD1" pin="AD3"/>
    </net>
    <net code="8" name="Net-(SHIELD1-PadSP2)">
      <node ref="SHIELD1" pin="SP2"/>
    </net>
    <net code="9" name="Net-(SHIELD1-PadSP6)">
      <node ref="SHIELD1" pin="SP6"/>
    </net>
    <net code="10" name="Net-(SHIELD1-PadSP1)">
      <node ref="SHIELD1" pin="SP1"/>
    </net>
    <net code="11" name="/VCC">
      <node ref="R1" pin="1"/>
      <node ref="VR2" pin="1"/>
      <node ref="P1" pin="1"/>
      <node ref="SHIELD1" pin="5V"/>
      <node ref="SW2" pin="1"/>
      <node ref="SW3" pin="1"/>
      <node ref="VR1" pin="1"/>
      <node ref="SW6" pin="1"/>
      <node ref="SW5" pin="1"/>
      <node ref="SW4" pin="1"/>
    </net>
    <net code="12" name="Net-(SHIELD1-PadNC)">
      <node ref="SHIELD1" pin="NC"/>
    </net>
    <net code="13" name="/ARD13">
      <node ref="SHIELD1" pin="13"/>
      <node ref="U1" pin="2"/>
    </net>
    <net code="14" name="Net-(SHIELD1-Pad12)">
      <node ref="SHIELD1" pin="12"/>
    </net>
    <net code="15" name="Net-(SHIELD1-PadV_IN)">
      <node ref="SHIELD1" pin="V_IN"/>
    </net>
    <net code="16" name="/ARD7">
      <node ref="LED2" pin="A"/>
      <node ref="SHIELD1" pin="7"/>
    </net>
    <net code="17" name="Net-(SHIELD1-PadIO_R)">
      <node ref="SHIELD1" pin="IO_R"/>
    </net>
    <net code="18" name="/ARD11">
      <node ref="R6" pin="2"/>
      <node ref="SHIELD1" pin="11"/>
    </net>
    <net code="19" name="Net-(SHIELD1-PadAREF)">
      <node ref="SHIELD1" pin="AREF"/>
    </net>
    <net code="20" name="GND">
      <node ref="SW1" pin="1"/>
      <node ref="U1" pin="1"/>
      <node ref="VR2" pin="2"/>
      <node ref="SHIELD1" pin="GND3"/>
      <node ref="LED4" pin="K"/>
      <node ref="P1" pin="3"/>
      <node ref="R13" pin="2"/>
      <node ref="VR1" pin="2"/>
      <node ref="R12" pin="2"/>
      <node ref="R11" pin="2"/>
      <node ref="R10" pin="2"/>
      <node ref="R2" pin="2"/>
      <node ref="R5" pin="2"/>
      <node ref="SHIELD1" pin="GND1"/>
      <node ref="R4" pin="2"/>
      <node ref="SHIELD1" pin="GND2"/>
      <node ref="R3" pin="2"/>
      <node ref="R9" pin="2"/>
    </net>
    <net code="21" name="Net-(SHIELD1-PadSCL)">
      <node ref="SHIELD1" pin="SCL"/>
    </net>
    <net code="22" name="Net-(SHIELD1-PadSDA)">
      <node ref="SHIELD1" pin="SDA"/>
    </net>
    <net code="23" name="/AD2">
      <node ref="SHIELD1" pin="AD2"/>
      <node ref="VR2" pin="W"/>
    </net>
    <net code="24" name="/AD1">
      <node ref="SHIELD1" pin="AD1"/>
      <node ref="VR1" pin="W"/>
    </net>
    <net code="25" name="Net-(SHIELD1-PadRST)">
      <node ref="SW1" pin="2"/>
      <node ref="SHIELD1" pin="RST"/>
    </net>
    <net code="26" name="Net-(SHIELD1-Pad0)">
      <node ref="SHIELD1" pin="0"/>
    </net>
    <net code="27" name="Net-(SHIELD1-Pad1)">
      <node ref="SHIELD1" pin="1"/>
    </net>
    <net code="28" name="/ARD6">
      <node ref="SHIELD1" pin="6"/>
      <node ref="LED3" pin="A"/>
    </net>
    <net code="29" name="/ARD8">
      <node ref="SHIELD1" pin="8"/>
      <node ref="LED1" pin="A"/>
    </net>
    <net code="30" name="/ARD10">
      <node ref="SHIELD1" pin="10"/>
      <node ref="R7" pin="2"/>
    </net>
    <net code="31" name="/AD0">
      <node ref="SHIELD1" pin="AD0"/>
      <node ref="R2" pin="1"/>
      <node ref="R1" pin="2"/>
    </net>
    <net code="32" name="/ARD9">
      <node ref="SHIELD1" pin="9"/>
      <node ref="R8" pin="2"/>
    </net>
    <net code="33" name="/ARD2">
      <node ref="SW2" pin="2"/>
      <node ref="R9" pin="1"/>
      <node ref="SHIELD1" pin="2"/>
    </net>
    <net code="34" name="Net-(LED4-PadAR)">
      <node ref="R6" pin="1"/>
      <node ref="LED4" pin="AR"/>
    </net>
    <net code="35" name="Net-(LED4-PadAG)">
      <node ref="R7" pin="1"/>
      <node ref="LED4" pin="AG"/>
    </net>
    <net code="36" name="Net-(LED4-PadAB)">
      <node ref="R8" pin="1"/>
      <node ref="LED4" pin="AB"/>
    </net>
    <net code="37" name="/ARD5">
      <node ref="SHIELD1" pin="5"/>
      <node ref="P1" pin="2"/>
    </net>
    <net code="38" name="Net-(LED1-PadK)">
      <node ref="LED1" pin="K"/>
      <node ref="R3" pin="1"/>
    </net>
    <net code="39" name="Net-(LED2-PadK)">
      <node ref="R4" pin="1"/>
      <node ref="LED2" pin="K"/>
    </net>
    <net code="40" name="Net-(LED3-PadK)">
      <node ref="R5" pin="1"/>
      <node ref="LED3" pin="K"/>
    </net>
    <net code="41" name="/ARD3">
      <node ref="SW3" pin="2"/>
      <node ref="SHIELD1" pin="3"/>
      <node ref="R10" pin="1"/>
    </net>
    <net code="42" name="/ARD4">
      <node ref="SHIELD1" pin="4"/>
      <node ref="SW4" pin="2"/>
      <node ref="R11" pin="1"/>
    </net>
  </nets>
</export>
